year	month	day	NEE	GPP	Reco	LHF
2018	11	1	1.17386	1.11641	2.29027	1.19996
2018	11	2	1.78818	1.0685	2.85668	1.01109
2018	11	3	1.22312	1.51053	2.73365	1.2597
2018	11	5	0.46995	1.83587	2.30582	0.92488
2018	11	6	0.42605	1.56278	1.98884	0.95335
2018	11	10	-0.25627	1.76562	1.50935	0.44876
2018	11	11	-0.01647	1.62995	1.61347	0.36336
2018	11	12	0.4311	1.57174	2.00284	0.65014
2018	11	13	-0.00962	1.98173	1.97211	0.64595
2018	11	14	-0.0925	1.97004	1.87754	0.61542
2018	11	15	-0.09838	1.59441	1.49603	0.54212
2018	11	16	-0.69505	2.05861	1.36356	0.53777
2018	11	17	-0.71405	1.90724	1.19319	0.6472
2018	11	18	-0.51323	1.86095	1.34772	0.55262
2018	12	8	-0.05604	1.15603	1.09999	0.20403
2018	12	9	-0.03483	0.98682	0.95199	0.17642
2018	12	10	-0.18302	1.15447	0.97145	0.27826
2018	12	11	0.22402	0.6563	0.88032	0.05476
2018	12	12	-0.21516	1.07502	0.85986	0.14313
2018	12	19	0.52466	0.61177	1.13643	0.00867
2019	1	5	0.51353	0.27994	0.79347	0.00199
2019	1	6	0.4469	0.29791	0.74481	0.22243
2019	1	8	0.40208	0.11735	0.51943	0.00191
2019	1	10	0.3603	0.19306	0.55335	0.02019
2019	1	11	0.48262	0.11348	0.5961	0.06528
2019	1	12	0.44908	0.22222	0.6713	0.04933
2019	1	13	-0.24308	0.9145	0.67142	0.04334
2019	1	14	-0.49433	1.24796	0.75363	0.29514
2019	1	15	-0.07873	0.84226	0.76353	0.44606
2019	1	16	-0.28171	1.09722	0.8155	0.37713
2019	1	17	-0.20574	1.13328	0.92754	0.25584
2019	1	18	-0.15258	0.98911	0.83653	0.29534
2019	1	23	0.47457	0.18991	0.66448	0.01653
2019	1	24	0.38536	0.34076	0.72612	0.13955
2019	1	27	0.03164	0.64454	0.67618	0.14954
2019	1	28	0.17224	0.47317	0.6454	0.011
2019	1	29	-0.07518	0.72476	0.64958	0.09891
2019	2	1	-0.50394	1.0846	0.58066	0.07061
2019	2	9	-0.68888	1.47185	0.78296	0.35887
2019	2	10	0.22455	0.82326	1.0478	0.23331
2019	2	11	0.23531	0.89634	1.13165	1.01597
2019	2	12	-0.16858	1.05615	0.88757	0.49775
2019	2	13	-0.54405	1.40064	0.85658	0.32105
2019	2	14	-0.68818	1.71036	1.02218	1.19924
2019	2	15	-1.18434	2.09571	0.91136	0.95273
2019	2	20	-0.48349	1.49166	1.00816	1.07848
2019	2	21	-0.70868	1.75288	1.04421	1.182
2019	2	22	-0.36266	1.49762	1.13495	0.96428
2019	2	23	-0.55988	1.231	0.67111	1.21435
2019	2	24	-0.49595	1.20687	0.71092	0.91582
2019	2	26	-0.31706	1.56417	1.24712	1.2694
2019	2	27	-0.72476	1.91689	1.19213	1.38146
2019	2	28	0.08166	1.60334	1.685	1.92763
2019	3	1	-0.15055	1.84445	1.6939	1.20167
2019	3	2	-0.90079	2.20993	1.30913	1.09206
2019	3	3	-0.40446	1.85477	1.45031	0.88484
2019	3	4	-0.64463	2.46766	1.82303	1.77444
2019	3	5	-0.76357	2.56337	1.79981	2.01668
2019	3	6	-1.24916	3.00862	1.75946	2.06806
2019	3	7	-0.22277	2.35581	2.13304	1.52378
2019	3	8	-0.84056	2.92221	2.08163	1.83454
2019	3	9	-1.16527	3.1237	1.95845	1.83499
2019	3	10	-0.61715	2.68821	2.07106	1.49708
2019	3	11	-1.89539	3.63047	1.73507	1.98124
2019	3	12	-2.12249	3.59718	1.47466	1.53198
2019	3	13	-0.19181	1.64308	1.45127	0.55468
2019	3	14	-0.44121	2.06874	1.62753	1.49069
2019	3	15	-0.94859	2.93051	1.98193	2.34558
2019	3	16	-1.29623	3.20643	1.9102	2.05402
2019	3	17	-1.76139	4.08815	2.32676	2.66269
2019	3	18	0.02664	1.82108	1.84773	0.81261
2019	3	19	-2.27775	3.9376	1.65984	1.50494
2019	3	20	-3.41107	5.05562	1.64455	2.5557
2019	3	21	-3.45735	5.31917	1.86178	2.81607
2019	3	23	-3.58213	6.08766	2.50553	3.30523
2019	3	24	-3.64722	6.47981	2.83257	3.48131
2019	3	25	-2.39958	4.88914	2.48956	2.04051
2019	3	26	-4.32027	6.34207	2.02185	2.70344
2019	3	27	-4.62749	6.66802	2.04054	3.08448
2019	3	28	-3.97109	5.93899	1.96789	3.04033
2019	3	29	-5.00692	7.10421	2.0973	3.71022
2019	3	30	-5.29777	7.66788	2.37015	4.06647
2019	3	31	-4.31668	7.04539	2.72869	4.57642
2019	4	1	-5.73813	8.51214	2.77403	4.61608
2019	4	2	-5.50657	8.12504	2.61852	4.56671
2019	4	3	-6.29384	9.20342	2.90957	4.65151
2019	4	4	-5.37285	8.67845	3.30563	4.53683
2019	4	5	-3.34983	6.6031	3.2533	2.42068
2019	4	6	-4.65525	8.02805	3.37274	2.92016
2019	4	7	-6.0247	9.91791	3.89328	3.75006
2019	4	8	-5.51576	9.90817	4.39238	4.58107
2019	4	9	-5.45719	10.30009	4.84291	4.62059
2019	4	10	-5.96276	11.14495	5.18217	4.7456
2019	4	11	-4.56107	9.05577	4.49474	1.93524
2019	4	12	-3.3562	7.31436	3.95816	1.94652
2019	4	13	-7.14584	10.83081	3.68497	1.60358
2019	4	14	-2.86882	6.58934	3.72049	1.30571
2019	4	15	-7.22098	11.11715	3.89615	6.4044
2019	4	16	-6.30421	10.05126	3.74703	5.97557
2019	4	17	-6.79115	10.45624	3.66512	4.70909
2019	4	18	-7.5107	11.19128	3.68056	5.34492
2019	4	19	-7.81178	11.60984	3.79806	7.02098
2019	4	20	-7.97642	11.41017	3.4337	7.46617
2019	4	21	-8.00512	11.74565	3.74056	7.25099
2019	4	22	-8.87006	12.81242	3.94234	5.42829
2019	4	23	-1.71099	5.08733	3.37634	0.75484
2019	4	24	-7.91488	12.20712	4.29222	4.33704
2019	4	25	-8.78628	13.77026	4.98397	6.05447
2019	4	26	-9.2442	14.82417	5.57995	6.26088
2019	4	27	-6.61341	11.03752	4.42404	2.77186
2019	4	28	-6.7338	11.20039	4.4666	2.59882
2019	4	29	-3.64092	7.93526	4.29434	0.91238
2019	4	30	-10.83447	15.45841	4.6239	2.99662
2019	5	1	-8.56796	13.8223	5.25434	5.02751
2019	5	2	-9.2597	14.85105	5.59137	6.08281
2019	5	3	-10.08834	15.08425	4.99595	3.16846
2019	5	4	-3.15961	7.57243	4.41282	0.2769
2019	5	5	0.23631	3.59293	3.82924	-0.02918
2019	5	6	-2.38952	5.69494	3.30537	0.20404
2019	5	7	-9.50896	13.58517	4.07621	3.78272
2019	5	8	-9.76156	14.7912	5.02968	4.4475
2019	5	9	-0.12369	4.94292	4.81923	0.32562
2019	5	10	-8.36025	13.93246	5.57224	3.91734
2019	5	11	-9.4828	15.89813	6.41534	5.2236
2019	5	12	-8.37367	14.86717	6.49349	3.45066
2019	5	13	-9.27375	14.94528	5.67145	3.31095
2019	5	14	-1.80064	5.95039	4.14973	0.10134
2019	5	15	-0.02108	4.48552	4.46445	0.13754
2019	5	16	-4.74338	9.34085	4.59748	1.56592
2019	5	17	-8.13516	13.06501	4.92986	2.39332
2019	5	18	-11.10356	17.27009	6.16651	5.69495
2019	5	19	-6.60776	13.12794	6.52021	4.40172
2019	5	21	-12.58015	18.86514	6.28503	6.13834
2019	5	24	-10.45636	16.27153	5.81521	5.57303
2019	5	26	-9.63911	16.63763	6.99849	8.52853
2019	5	29	-4.11328	10.12465	6.01135	2.84938
2019	5	30	-0.11443	4.80121	4.68678	0.01496
2019	5	31	-9.19097	14.80378	5.61283	5.26336
2019	6	1	-8.29112	14.76966	6.47857	8.62883
2019	6	2	-5.47766	12.18176	6.70415	6.47337
2019	6	3	-6.77635	13.79918	7.02282	8.95579
2019	6	4	-5.94232	13.20632	7.26402	6.8735
2019	6	5	-6.94513	14.18931	7.24418	6.68247
2019	6	6	-3.15073	10.88898	7.73826	3.24139
2019	6	7	-6.31922	13.85653	7.53737	8.1197
2019	6	8	-6.93789	13.98546	7.04756	9.672
2019	6	9	-6.15306	13.30662	7.15353	8.44479
2019	6	10	-5.41898	12.65683	7.23786	9.41835
2019	6	11	-5.38876	12.25002	6.86127	10.00973
2019	6	12	-4.72238	11.63656	6.91415	10.08603
2019	6	13	-3.79736	10.37832	6.58094	9.83506
2019	6	14	-3.37503	9.63459	6.2596	10.17195
2019	6	15	-3.03168	9.10797	6.07628	9.20586
2019	6	16	0.54712	6.31996	6.86704	6.30718
2019	6	17	-1.07724	7.12056	6.04336	6.95436
2019	6	18	-0.17085	6.32278	6.15198	9.76121
2019	6	19	0.75884	5.52211	6.28094	5.75402
2019	6	20	0.38044	6.29368	6.67412	5.74694
2019	6	21	1.76252	5.51677	7.27932	7.15172
2019	6	22	3.01631	4.13037	7.14665	6.03898
2019	6	23	4.3492	1.45383	5.80304	2.92158
2019	6	24	4.07985	1.83065	5.91051	5.39187
2019	6	25	3.98373	2.08911	6.07285	5.19348
2019	6	26	4.37366	1.75298	6.12664	5.25413
2019	6	27	4.87268	1.29119	6.16387	5.7287
2019	6	28	2.95879	2.08458	5.04336	5.90825
2019	6	29	3.1041	1.68448	4.78857	4.50026
2019	6	30	4.22121	0.71735	4.93856	4.23328
2019	7	1	4.34519	0.75039	5.09557	3.93179
2019	7	2	2.31824	1.99039	4.30863	4.21235
2019	7	3	2.71316	1.34895	4.06212	3.18144
2019	7	4	2.54211	1.16058	3.70268	2.5779
2019	7	5	2.77117	0.84097	3.61214	2.47974
2019	7	6	3.23551	0.40154	3.63705	1.92149
2019	7	7	2.16013	1.37533	3.53545	1.89968
2019	7	8	1.61278	1.21154	2.82433	2.04694
2019	7	9	1.76638	1.04371	2.8101	1.91454
2019	7	10	0.98129	1.6837	2.66499	1.71659
2019	7	11	1.11634	1.72039	2.83674	1.86872
2019	7	12	2.80397	0.46675	3.27072	1.37356
2019	7	13	3.2979	0.42085	3.71875	2.28878
2019	7	14	2.35838	0.92545	3.28382	2.32814
2019	7	15	1.97654	1.19234	3.16888	2.54437
2019	7	16	1.84488	1.29218	3.13705	2.06916
2019	7	20	2.87067	0.62711	3.49778	2.92451
2019	7	21	2.95782	0.75478	3.7126	2.33336
2019	7	22	1.35271	2.14832	3.50104	2.6541
2019	7	23	1.3687	2.44036	3.80906	2.73306
2019	7	24	2.91641	0.99631	3.91272	1.71199
2019	7	25	3.05553	1.10921	4.16474	1.86062
2019	7	26	3.64963	1.19385	4.84349	2.22161
2019	7	27	3.54029	1.0478	4.58809	2.54172
2019	7	28	7.47979	0.23345	7.71324	3.54428
2019	7	29	7.09272	0.19156	7.28429	2.79735
2019	7	30	7.08934	0.22553	7.31487	4.10639
2019	7	31	6.1112	1.18569	7.29689	4.74393
2019	8	1	4.3335	2.62869	6.96219	4.35644
2019	8	2	5.21877	1.183	6.40177	1.83169
2019	8	3	5.25484	0.79652	6.05136	4.11771
2019	8	4	3.88354	1.56953	5.45307	4.19637
2019	8	5	4.95731	0.75241	5.70972	3.2501
2019	8	6	4.37276	1.32685	5.69961	3.34303
2019	8	7	4.38599	0.99404	5.38003	2.83551
2019	8	8	3.14257	1.5326	4.67516	1.66644
2019	8	9	3.98729	0.97321	4.9605	3.86438
2019	8	10	3.98247	1.026	5.00846	3.43488
2019	8	11	1.93873	2.70789	4.64662	3.97615
2019	8	12	2.75325	2.06465	4.8179	3.76585
2019	8	13	1.55386	2.61882	4.17268	2.44694
2019	8	14	1.68912	1.76931	3.45843	2.15482
2019	8	15	3.35296	0.64945	4.00241	4.62084
2019	8	16	1.95908	1.84273	3.80181	3.16569
2019	8	17	1.86853	1.49102	3.35955	4.1142
2019	8	18	1.90874	1.55004	3.45877	3.91337
2019	8	20	0.94838	2.5954	3.54377	4.75869
2019	8	21	0.08688	3.44313	3.53001	3.3678
2019	8	22	0.76174	2.60623	3.36798	3.30001
2019	8	23	1.13112	2.51425	3.64537	3.0809
2019	8	24	4.02304	0.86293	4.88597	3.59263
2019	8	25	4.22764	0.20521	4.43284	2.97153
2019	8	26	3.58624	0.32725	3.91349	2.93004
2019	8	27	4.07194	0.15675	4.22869	3.14037
2019	8	28	4.04094	0.1928	4.23374	2.6487
2019	8	29	3.95087	0.21596	4.16684	2.27284
2019	8	30	3.76753	0.25528	4.02281	1.98049
2019	8	31	3.83537	0.27837	4.11374	2.02558
2019	9	1	3.69375	0.22325	3.91699	1.99256
2019	9	2	3.54244	0.05233	3.59477	2.05976
2019	9	3	2.64207	0.06842	2.71049	1.44046
2019	9	4	2.88666	0.0939	2.98055	2.20756
2019	9	5	2.64229	0.28429	2.92658	1.99921
2019	9	6	3.08449	0.14385	3.22834	1.41775
2019	9	7	2.6458	0.13621	2.78201	1.03638
2019	9	8	3.27409	0.04986	3.32395	1.57777
2019	9	9	2.2826	0.40843	2.69103	0.48231
2019	9	10	3.32251	0.17788	3.50039	1.85687
2019	9	12	3.66928	0.10741	3.77669	2.1834
2019	9	13	3.19261	0.2324	3.425	2.14899
2019	9	14	2.61401	0.2746	2.88861	1.92544
2019	9	15	2.4775	0.20215	2.67964	1.58949
2019	9	16	2.51704	0.27021	2.78725	1.58523
2019	9	17	2.89849	0.14587	3.04435	1.50414
2019	9	18	1.87727	0.09915	1.97641	1.58259
2019	9	19	1.78216	0.12667	1.90883	1.18208
2019	9	20	1.76329	0.18063	1.94392	1.14209
2019	9	21	1.80084	0.17888	1.97971	1.04273
2019	9	23	2.02171	0.05345	2.07515	0.4152
2019	9	24	1.99494	0.18666	2.1816	0.79662
2019	9	25	1.91989	0.18855	2.10844	0.8402
2019	9	26	1.92463	0.13204	2.05666	0.82145
2019	9	27	1.99502	0.19085	2.18588	1.00655
2019	9	29	2.12255	0.11243	2.23499	1.14995
2019	9	30	2.08415	0.1187	2.20285	1.25249
2019	10	1	1.92198	0.15695	2.07893	0.94224
2019	10	2	1.93662	0.09821	2.03483	1.08417
2019	10	3	1.3936	0.10775	1.50135	1.53038
2019	10	4	1.59707	0.16646	1.76353	1.34506
2019	10	5	1.51534	0.13096	1.64631	0.74956
2019	10	6	1.29471	0.10862	1.40333	1.47376
2019	10	7	1.19955	0.11354	1.31309	1.02767
2019	10	8	1.51708	0.11611	1.63319	1.17657
2019	10	9	1.57885	0.15392	1.73277	1.13543
2019	10	10	1.23599	0.20339	1.43937	0.46478
2019	10	11	1.53977	0.06891	1.60868	1.14622
2019	10	16	1.46555	0.04551	1.51106	0.34251
2019	10	20	1.25731	0.06127	1.31858	0.72276
2019	10	21	1.29403	0.05457	1.3486	0.74036
2019	10	28	1.25716	0.16473	1.42189	0.42137
2019	10	29	1.04491	0.20411	1.24901	0.26629
2019	11	1	0.94006	0.33378	1.27384	0.40799
2019	11	2	1.14067	0.18895	1.32962	0.29929
2019	11	3	1.23767	0.30123	1.5389	0.21409
2019	11	6	0.73164	0.65049	1.38214	0.32694
2019	11	7	0.77669	0.57314	1.34982	0.15829
2019	11	8	1.14394	0.36259	1.50652	0.19184
2019	11	9	1.0371	0.33751	1.37462	0.09489
2019	11	12	1.05091	0.38849	1.4394	0.00047
2019	11	13	0.98813	0.59635	1.58447	0.24934
2019	11	26	0.59468	1.21815	1.81283	0.13527
2019	11	27	1.01145	0.84026	1.85171	0.01004
2019	12	17	0.01522	1.52687	1.5421	0.22943
2019	12	18	-0.21269	1.70146	1.48877	0.27093
2020	1	9	0.55098	0.55552	1.10649	0.04271
2020	1	10	0.11556	0.8066	0.92216	0.07876
2020	1	30	-0.05468	0.96306	0.90838	0.37532
2020	2	2	0.2552	1.3254	1.58061	0.83651
2020	2	6	-0.10714	1.14241	1.03528	0.52249
2020	2	7	-0.45287	1.47536	1.02249	0.4526
2020	2	8	-0.61892	1.47826	0.85934	1.02205
2020	2	9	-0.50127	1.35797	0.8567	0.72974
2020	2	10	-0.00043	1.15289	1.15246	0.50792
2020	2	11	-0.75934	1.83335	1.07402	1.07612
2020	2	12	-0.25903	1.30984	1.05081	0.75918
2020	2	13	-0.9259	1.92915	1.00325	0.74834
2020	2	14	-0.11293	1.22388	1.11094	0.49476
2020	2	15	-1.15966	2.23763	1.07798	0.77431
2020	2	18	-0.0848	1.43059	1.34579	0.65246
2020	2	19	0.19616	1.01364	1.2098	0.37109
2020	2	20	-0.31883	1.53054	1.21171	0.91262
2020	2	21	-0.00981	1.21553	1.20572	0.79772
2020	2	22	-0.53187	1.76543	1.23357	0.9153
2020	2	23	0.19078	1.30565	1.49642	0.68612
2020	2	24	-0.46032	1.9946	1.53428	1.17458
2020	2	25	-0.8719	2.36277	1.49087	1.12624
2020	2	26	0.38168	1.07114	1.45282	0.34197
2020	2	27	-0.57737	2.01601	1.43864	1.10244
2020	2	28	-0.38325	1.80234	1.41908	0.65226
2020	2	29	-0.67417	2.26756	1.59339	1.10577
2020	3	1	-0.37043	2.18565	1.81522	0.80789
2020	3	2	-1.01636	3.06226	2.0459	1.41094
2020	3	3	0.10917	1.89386	2.00304	0.17828
2020	3	4	-1.01372	2.7915	1.77777	0.69775
2020	3	5	-1.63651	3.46365	1.82715	1.46006
2020	3	6	0.538	1.19852	1.73652	0.01301
2020	3	7	-1.61934	3.44011	1.82077	1.17003
2020	3	8	-1.9544	3.70042	1.74603	1.30813
2020	3	10	-2.31277	4.13216	1.81938	2.01222
2020	3	11	-0.28971	2.50281	2.21311	0.80187
2020	3	12	-2.99305	5.1479	2.15485	2.33706
2020	3	14	-3.79057	5.47898	1.68842	1.96502
2020	3	15	-3.42737	5.25716	1.82981	2.41083
2020	3	16	-3.31722	5.16172	1.84446	1.99059
2020	3	17	-2.84845	5.09381	2.24536	2.62687
2020	3	18	-4.78664	7.27157	2.48491	2.83901
2020	3	21	-2.52159	5.40057	2.87899	1.43414
2020	3	22	-3.54134	5.86728	2.32594	1.81089
2020	3	23	-1.62239	3.70744	2.08506	0.26545
2020	3	24	-4.78206	7.33979	2.55774	2.74229
2020	3	25	-2.44541	4.78643	2.34102	0.64087
2020	3	26	-4.99954	8.04805	3.04847	2.64039
2020	3	27	-6.06439	9.40366	3.33928	3.36857
2020	3	28	-5.44974	8.94806	3.49828	3.54999
2020	3	29	-5.6683	8.97085	3.30257	3.32957
2020	3	30	-4.19393	6.64262	2.44869	1.32677
2020	4	1	-5.94386	8.08117	2.13725	3.29123
2020	4	3	-5.49957	7.77815	2.27857	3.64709
2020	4	4	-6.60989	8.96645	2.3566	3.92239
2020	4	5	-6.6914	9.07436	2.38292	4.60702
2020	4	6	-6.88343	9.44944	2.56599	4.68783
2020	4	7	-6.49852	9.0532	2.55468	4.75506
2020	4	8	-6.46431	9.34182	2.87756	5.22382
2020	4	9	-6.569	9.69427	3.12528	5.99106
2020	4	10	-6.28318	9.60361	3.32044	5.33968
2020	4	11	-7.56121	10.89592	3.33471	5.67572
2020	4	12	-8.08533	11.75711	3.67183	5.74215
2020	4	13	-6.69759	10.79159	4.09401	4.39974
2020	4	14	-7.26165	10.36263	3.10099	3.30664
2020	4	15	-8.73098	11.9432	3.21223	5.15826
2020	4	16	-8.42398	12.22631	3.80233	6.0478
2020	4	17	-8.10001	12.48591	4.38595	6.49666
2020	4	18	-9.63826	14.19081	4.55256	6.37933
2020	4	19	-6.337	10.56173	4.22469	3.61505
2020	4	20	-10.64052	14.09039	3.44985	5.95408
2020	4	21	-10.90135	14.44964	3.54828	6.12085
2020	4	22	-10.42905	14.17374	3.74473	6.45417
2020	4	23	-10.68568	14.72044	4.0347	6.54914
2020	4	24	-10.12039	14.38833	4.26795	6.57991
2020	4	25	-9.55525	14.02743	4.47221	6.16712
2020	4	26	-11.55339	15.6181	4.06466	6.06623
2020	4	27	-11.12425	15.71359	4.58936	5.50595
2020	4	28	-10.58855	15.79106	5.20251	5.79041
2020	4	29	-8.15514	13.53141	5.37626	4.02934
2020	4	30	-9.28238	14.59804	5.31565	5.33384
2020	5	1	-6.65814	11.5224	4.86422	2.5808
2020	5	2	-8.7547	13.72127	4.96665	5.08336
2020	5	3	-9.63227	14.3695	4.7372	3.15877
2020	5	4	-10.49091	15.04351	4.5526	5.66533
2020	5	5	-7.80696	12.13742	4.33048	2.77185
2020	5	6	-10.02487	13.98605	3.96122	2.76322
2020	5	7	-9.79136	14.0512	4.25981	5.02681
2020	5	8	-9.09753	13.53053	4.43293	5.6025
2020	5	9	-8.09694	12.92028	4.82336	5.00328
2020	5	10	-7.28165	12.13492	4.85327	4.78012
2020	5	11	-7.25759	12.35736	5.09981	4.77988
2020	5	12	-7.9541	11.76819	3.81404	2.15106
2020	5	13	-6.18426	10.0811	3.89682	1.85835
2020	5	14	-10.20222	14.4767	4.2745	3.43662
2020	5	15	-7.29804	11.19528	3.89716	2.53699
2020	5	23	-4.17598	8.02437	3.8484	3.59068
2020	5	24	-3.29373	7.2096	3.91586	3.13147
2020	5	25	-4.44269	8.12031	3.67763	2.2894
2020	5	26	-3.61766	7.74536	4.12767	3.1995
2020	5	27	-2.0107	6.56792	4.55721	2.32521
2020	5	28	-0.04687	4.84895	4.8021	1.79084
2020	5	29	-2.45444	7.30411	4.8497	2.5529
2020	5	30	-3.23985	7.85638	4.6165	3.2527
2020	5	31	-1.34525	5.69109	4.34588	0.41047
2020	6	1	-1.88518	6.85197	4.96678	3.81323
2020	6	2	-2.59355	7.23104	4.63743	4.18586
2020	6	3	-1.21466	5.90945	4.69477	3.55095
2020	6	4	-0.17799	5.27458	5.09658	3.35844
2020	6	5	1.78163	2.9199	4.70153	1.18725
2020	6	6	1.71141	3.10004	4.81144	2.82923
2020	6	7	2.54822	2.40912	4.95734	2.61264
2020	6	8	1.46491	3.0179	4.48281	2.66935
2020	6	9	2.28304	2.19878	4.48183	1.71869
2020	6	10	3.08679	1.55849	4.64528	2.02371
2020	6	11	2.38184	1.55556	3.93741	1.58129
2020	6	12	2.76078	1.62483	4.38561	2.55078
2020	6	13	3.02954	1.71582	4.74535	3.27001
2020	6	14	3.33598	0.98728	4.32325	1.47874
2020	6	15	2.98794	1.06098	4.04892	1.51029
2020	6	17	3.14322	1.36273	4.50595	2.06932
2020	6	18	2.87391	1.51401	4.38792	1.42463
2020	6	19	2.68002	1.92111	4.60114	2.25071
2020	6	20	3.01579	1.22963	4.24542	0.76356
2020	6	21	2.84753	1.61267	4.46019	1.29902
2020	6	22	3.11234	1.64085	4.75319	1.60531
2020	6	23	2.6285	2.21585	4.84435	4.14947
2020	6	24	2.93254	1.71628	4.64881	3.51214
2020	6	25	3.64762	1.35864	5.00626	2.40179
2020	6	26	4.36221	0.70515	5.06736	2.90613
2020	6	27	3.72259	1.55188	5.27446	3.06473
2020	6	28	2.7719	2.7472	5.51911	3.20792
2020	6	29	4.1431	1.25434	5.39744	2.5352
2020	6	30	3.70095	1.17517	4.87612	3.39753
2020	7	1	3.13459	2.31483	5.44942	2.75808
2020	7	2	3.39091	2.07707	5.46798	3.87741
2020	7	3	2.01247	2.75869	4.77116	2.46258
2020	7	4	2.43414	2.17912	4.61327	2.56846
2020	7	5	2.36291	2.64469	5.0076	3.49314
2020	7	6	2.75102	2.42706	5.17808	3.9868
2020	7	7	2.14889	1.92655	4.07544	3.61212
2020	7	8	4.24786	0.50951	4.75736	3.3707
2020	7	9	4.21241	0.90968	5.12208	3.33552
2020	7	10	4.37811	1.0484	5.42651	2.21943
2020	7	11	4.0341	0.96209	4.9962	2.1804
2020	7	12	3.67899	0.52065	4.19963	2.92068
2020	7	13	4.10197	0.4947	4.59666	3.23685
2020	7	14	4.02875	0.57211	4.60085	2.03684
2020	7	15	3.83269	0.90863	4.74133	1.90152
2020	7	16	2.46839	2.13229	4.60068	1.6922
2020	7	17	2.75747	1.02873	3.7862	1.24782
2020	7	18	3.28192	0.67587	3.95779	1.68281
2020	7	19	3.41002	0.79202	4.20204	1.78516
2020	7	20	3.83758	1.00069	4.83828	2.90944
2020	7	21	4.21637	1.5128	5.72917	2.66536
2020	7	22	3.6916	1.75749	5.44909	2.78445
2020	7	23	3.465	1.61473	5.07973	3.53705
2020	7	24	4.3189	1.03359	5.3525	2.31972
2020	7	25	2.65511	1.51693	4.17204	2.80338
2020	7	26	4.10176	1.04529	5.14705	4.94773
2020	7	27	2.99158	1.85109	4.84266	4.8165
2020	7	28	5.35538	0.55145	5.90683	6.07532
2020	7	29	3.9357	1.32146	5.25716	5.92222
2020	7	30	3.83496	1.75214	5.58711	6.46188
2020	7	31	4.20868	1.26416	5.47284	5.97047
2020	8	1	4.87194	0.80127	5.67321	3.9514
2020	8	2	4.63508	0.80777	5.44285	1.63384
2020	8	3	4.85715	0.72699	5.58414	1.2432
2020	8	4	7.00487	0.12486	7.12974	3.6603
2020	8	5	4.5893	0.50268	5.09198	1.78505
2020	8	6	6.40474	0.52444	6.92918	3.67297
2020	8	7	5.76391	0.84305	6.60695	3.49448
2020	8	8	5.96181	0.93701	6.89882	2.57949
2020	8	9	6.04959	0.76909	6.81868	2.39873
2020	8	10	5.89586	0.75446	6.65032	1.90839
2020	8	11	5.94064	0.44447	6.38511	2.75981
2020	8	12	5.34174	0.52891	5.87065	2.87385
2020	8	13	5.04381	0.49301	5.53682	1.92043
2020	8	14	4.96944	0.3312	5.30064	2.77693
2020	8	15	4.70263	0.17158	4.87421	1.77884
2020	8	16	3.9892	0.61324	4.60244	2.40864
2020	8	17	3.29887	0.78105	4.07992	2.79046
2020	8	18	2.06153	1.17396	3.23549	2.56436
2020	8	19	3.91565	0.33495	4.2506	3.11287
2020	8	20	5.10357	0.18372	5.28728	2.81846
2020	8	21	5.30995	0.45714	5.76709	2.66993
2020	8	22	5.08345	1.01909	6.10254	2.95533
2020	8	23	4.2599	0.41395	4.67384	1.85745
2020	8	24	3.73779	0.56288	4.30068	2.15506
2020	8	25	3.78843	0.39913	4.18756	2.40145
2020	8	26	3.25421	0.92131	4.17552	1.76154
2020	8	27	3.89569	0.17429	4.06998	1.97875
2020	8	28	4.3011	0.24411	4.54521	2.17572
2020	8	29	3.80846	0.56705	4.37552	2.01227
2020	8	30	3.78399	0.55802	4.34201	1.5511
2020	8	31	3.2517	0.17164	3.42334	1.15434
2020	9	1	1.73383	0.77198	2.50581	1.62869
2020	9	2	3.842	0.12858	3.97059	2.23096
2020	9	3	4.05308	0.05706	4.11015	2.5886
2020	9	4	3.6682	0.2277	3.8959	2.35746
2020	9	6	3.59193	0.25719	3.84912	2.01593
2020	9	7	3.45967	0.08181	3.54149	1.47641
2020	9	8	2.37585	0.54722	2.92308	2.01866
2020	9	9	2.84891	0.5389	3.38781	2.17425
2020	9	10	3.15475	0.35981	3.51456	1.59839
2020	9	11	2.81606	0.51291	3.32897	1.83009
2020	9	12	2.57077	0.77578	3.34655	2.23403
2020	9	13	2.66109	0.7602	3.42129	2.00374
2020	9	14	2.15632	1.05398	3.2103	2.25396
2020	9	15	1.88654	1.35004	3.23658	2.26641
2020	9	17	0.98356	2.47155	3.45511	2.54406
2020	9	18	0.54089	2.43487	2.97576	2.63534
2020	9	19	0.16394	2.55796	2.72191	2.90206
2020	9	20	-0.01789	2.87489	2.857	2.80638
2020	9	21	-0.69637	3.77778	3.0814	3.09774
2020	9	22	-0.9835	4.21404	3.23053	3.27283
2020	9	23	-1.32524	4.60726	3.28202	2.42755
2020	9	25	-1.15663	4.6495	3.49288	1.90515
2020	9	26	-1.57645	4.15975	2.5833	1.67989
2020	9	27	-2.50024	5.42937	2.92913	2.63457
2020	9	28	-1.93739	5.52525	3.58786	1.71118
2020	9	29	-1.02647	5.022	3.99553	1.62831
2020	9	30	-0.30836	4.62571	4.31735	0.81364
2020	10	1	0.86844	3.18752	4.05596	0.42846
2020	10	2	-3.27054	7.57118	4.30064	2.08077
2020	10	3	-4.18648	9.35796	5.17148	3.61963
2020	10	4	-5.56357	9.92837	4.3648	3.89018
2020	10	5	-4.068	8.15222	4.08422	3.0855
2020	10	6	-5.56894	9.55368	3.98474	3.66411
2020	10	7	-1.26873	4.85907	3.59034	0.71298
2020	10	8	-5.04374	8.61508	3.57134	2.78541
2020	10	9	-5.66295	9.52444	3.8615	3.17401
2020	10	10	-3.85323	8.37171	4.51848	2.49049
2020	10	11	-3.10131	7.02349	3.92218	1.02713
2020	10	27	-6.35617	9.75276	3.39659	1.01911
2020	10	28	-5.7448	8.81854	3.07374	0.79235
2021	8	4	-0.26985	-9999	-9999	3.65128
2021	8	5	3.6698	-9999	-9999	0.59564
2021	8	6	0.078	-9999	-9999	4.97339
2021	8	8	0.18117	-9999	-9999	4.52247
2021	8	9	1.53547	-9999	-9999	5.05796
2021	8	10	1.89893	-9999	-9999	5.50746
2021	8	12	1.70131	-9999	-9999	3.877
2021	8	13	1.59586	-9999	-9999	3.38529
2021	8	14	1.4641	-9999	-9999	2.95137
2021	8	16	4.77685	-9999	-9999	5.37778
2021	8	17	3.36258	-9999	-9999	3.2706
2021	8	18	2.08614	-9999	-9999	4.40639
2021	8	19	1.17081	-9999	-9999	4.55813
2021	8	20	0.31435	-9999	-9999	4.15966
2021	8	21	-0.01468	-9999	-9999	5.51862
2021	8	22	-1.2775	-9999	-9999	4.37613
2021	8	23	2.16399	-9999	-9999	0.4351
2021	8	24	0.39943	-9999	-9999	3.31712
2021	8	26	-0.67811	-9999	-9999	2.50022
2021	8	27	-1.22256	-9999	-9999	2.49228
2021	8	28	-1.41169	-9999	-9999	2.52305
2021	8	29	0.28933	-9999	-9999	1.39433
2021	8	30	-0.89444	-9999	-9999	2.45605
2021	8	31	-0.92344	-9999	-9999	1.8561
2021	9	1	-0.58718	-9999	-9999	1.32411
2021	9	2	-0.59568	-9999	-9999	1.95885
2021	9	3	-0.35757	-9999	-9999	2.47588
2021	9	5	-0.43522	-9999	-9999	2.27406
2021	9	6	-0.58784	-9999	-9999	2.13641
2021	9	7	-0.27393	-9999	-9999	1.83582
2021	9	8	-0.22155	-9999	-9999	1.97272
2021	9	9	-0.15317	-9999	-9999	1.71782
2021	9	11	0.2985	-9999	-9999	1.66766
2021	9	12	0.40512	-9999	-9999	1.72363
2021	9	13	0.60555	-9999	-9999	1.17106
2021	9	15	0.64335	-9999	-9999	1.14935
2021	9	16	0.73807	-9999	-9999	1.26007
2022	1	18	-9999	-9999	0.87551	-9999
2022	1	21	-0.31322	0.97777	0.66455	0.2949
2022	2	2	-0.49906	1.4446	0.94553	0.45937
2022	2	3	-0.94317	1.83897	0.8958	0.52192
2022	2	4	-0.87906	1.83203	0.95297	0.49249
2022	2	6	-0.36926	1.68466	1.3154	0.40617
2022	2	8	-0.93141	2.18484	1.25343	0.69145
2022	2	9	-0.79559	2.41229	1.6167	0.58292
2022	2	10	-1.32643	2.85006	1.52364	0.7462
2022	2	12	-1.40661	2.75951	1.35289	0.70801
2022	2	13	-1.05543	2.39168	1.33626	0.5887
2022	2	14	-0.78678	2.26316	1.47638	0.32023
2022	2	17	-0.13197	2.35631	2.22433	0.66988
2022	2	18	-0.76201	3.01137	2.24938	1.14174
2022	2	23	-1.65802	3.29159	1.63356	1.13956
2022	2	24	-2.01575	3.61577	1.60002	1.29198
2022	2	25	-1.58547	3.15715	1.57167	1.16732
2022	2	26	-2.63182	4.11664	1.48479	1.283
2022	2	27	-2.13079	3.71314	1.58233	1.26483
2022	2	28	-0.67442	1.94106	1.26664	0.41637
2022	3	1	-2.73839	4.10958	1.37118	1.4169
2022	3	2	-2.66884	3.9765	1.3077	1.28527
2022	3	9	-2.15758	3.46068	1.30311	0.82924
2022	3	11	-2.33372	3.37739	1.04368	1.06658
2022	3	15	-1.65886	3.97111	2.31224	1.75841
2022	3	17	-3.59525	5.4447	1.84941	0.8755
2022	3	19	-3.42184	5.03763	1.61579	1.45559
2022	3	20	-3.45893	4.74285	1.28393	1.53021
2022	3	21	-3.05239	4.47411	1.42169	2.115
2022	3	22	-3.80551	5.3899	1.58442	3.07007
2022	3	23	-3.44613	5.24416	1.79806	3.27512
2022	3	24	-3.2234	4.96317	1.73981	3.40898
2022	3	25	-4.28	5.98924	1.70922	3.1826
2022	3	26	-4.43969	6.55936	2.11965	3.39973
2022	3	27	-5.58714	7.93501	2.34783	3.15301
2022	3	28	-4.32241	7.35884	3.03641	3.30477
2022	3	29	-5.01025	8.55247	3.54226	2.95632
2022	3	30	-3.22241	6.87571	3.65332	1.51305
2022	4	1	-0.79387	4.39964	3.60574	0.16323
2022	4	2	-1.65684	4.32834	2.67149	0.37207
2022	4	4	-1.99104	4.87385	2.88284	1.2304
2022	4	5	-3.76305	7.76518	4.00213	2.03255
2022	4	7	-3.53025	8.91316	5.3829	2.36743
2022	4	8	-2.97448	8.69271	5.71825	2.54719
2022	4	9	-2.33261	6.16232	3.8297	0.86087
2022	4	10	-7.38403	10.7018	3.31779	2.879
2022	4	11	-6.25962	9.91319	3.65356	2.62274
2022	4	12	-7.23613	11.74774	4.51161	2.88622
2022	4	13	-7.40967	12.64653	5.23685	3.22069
2022	4	14	-8.19341	14.41339	6.22	3.25938
2022	4	15	-5.407	11.56243	6.15543	2.30223
2022	4	16	-5.05757	10.53353	5.47595	1.54878
2022	4	18	-6.80094	11.43249	4.63152	2.83574
2022	4	20	-8.88596	13.99525	5.1093	2.68036
2022	4	22	-2.24492	7.88612	5.64118	0.52888
2022	4	23	-4.98514	11.19591	6.21076	1.32525
2022	4	24	-7.34493	14.30858	6.96362	2.12008
2022	4	26	-11.51509	17.98287	6.4678	3.53333
2022	4	27	-1.79409	7.60303	5.80889	0.33596
2022	4	28	-8.99213	14.81872	5.82659	3.09975
2022	4	30	-13.60422	18.93076	5.32656	5.09423
2022	5	1	-11.0595	16.39587	5.33635	4.40146
2022	5	2	-11.22547	16.5162	5.2907	4.2051
2022	5	4	-10.75706	16.10617	5.34913	3.54923
2022	5	5	-11.52327	17.34039	5.81712	4.31604
2022	5	6	-11.44249	17.57975	6.13727	3.70682
2022	5	7	-11.59564	17.8468	6.25112	3.65117
2022	5	8	-12.41614	18.92074	6.50459	3.97229
2022	5	9	-8.07582	14.61327	6.53746	3.86992
2022	5	10	-10.19556	16.76977	6.57424	5.98867
2022	5	11	-9.53997	16.05096	6.51095	6.38141
2022	5	12	-6.76681	13.77421	7.00737	5.84013
2022	5	13	-8.15523	14.29895	6.1437	4.05835
2022	5	15	-5.60391	10.60955	5.00565	6.54329
2022	5	16	-6.83675	11.46535	4.62857	6.23596
2022	5	17	-3.76091	8.27228	4.51138	1.13306
2022	5	19	-5.91113	9.93073	4.01957	5.6278
2022	5	20	-4.31079	9.05735	4.74659	5.49275
2022	5	21	-1.7677	6.70376	4.93607	3.94737
2022	5	23	-3.88655	8.39546	4.50892	4.3587
2022	5	24	-3.28423	7.89383	4.6096	3.45245
2022	5	25	-1.30366	6.69841	5.39473	4.11765
2022	5	26	-1.51557	6.43244	4.91685	4.59465
2022	5	28	-1.88931	5.50976	3.62044	2.68915
2022	5	29	-2.49432	5.50545	3.01115	2.21318
2022	5	30	-3.31479	6.61373	3.29895	2.91749
2022	5	31	-2.30979	6.0412	3.73142	3.21211
2022	6	1	-0.34442	4.62262	4.27822	3.36399
2022	6	2	0.11107	4.27893	4.39	4.9375
2022	6	3	0.59675	4.39886	4.99562	4.10838
2022	6	4	0.81986	4.15202	4.97187	5.19468
2022	6	6	-0.40658	5.61588	5.20933	6.56091
2022	6	7	0.05343	5.40732	5.46073	6.90332
2022	6	8	0.05958	4.83536	4.89493	4.63945
2022	6	10	0.65484	4.82959	5.48443	7.61344
2022	6	11	1.57094	3.78062	5.35157	8.40166
2022	6	12	1.52809	2.32215	3.85024	5.50435
2022	6	13	2.35416	1.43655	3.79071	5.13053
2022	6	14	2.07536	1.27556	3.35092	4.79379
2022	6	15	1.9403	1.4008	3.3411	5.1449
2022	6	16	2.11962	1.39192	3.51153	3.91011
2022	6	17	2.48344	0.89867	3.38211	5.24
2022	6	18	2.75646	0.71292	3.46938	3.96489
2022	6	19	3.02228	0.77338	3.79567	2.93732
2022	6	20	3.30239	0.56208	3.86446	2.50345
2022	6	21	1.37273	1.66841	3.04113	3.07363
2022	6	22	2.4241	0.71172	3.13582	2.21434
2022	6	23	2.57042	0.69011	3.26053	2.28591
2022	6	24	2.63393	0.37475	3.00868	1.6825
2022	6	25	1.56232	0.83048	2.3928	2.29138
2022	6	26	2.1015	0.39276	2.49426	1.85525
2022	6	27	2.45787	0.18292	2.64078	1.607
2022	6	28	2.48013	0.33253	2.81266	2.00584
2022	6	30	2.67796	0.43513	3.1131	1.21211
2022	7	1	3.21347	0.25514	3.46861	1.82734
2022	7	2	1.17298	1.429	2.60198	2.12619
2022	7	4	2.79179	0.48332	3.27512	1.78881
2022	7	5	2.05783	0.69722	2.75505	1.62981
2022	7	6	1.01342	1.43794	2.45136	2.01342
2022	7	8	0.82256	1.20428	2.02684	1.25548
2022	7	9	0.67465	1.20704	1.88169	1.83485
2022	7	10	0.34409	1.38478	1.72887	1.57635
2022	7	12	0.54823	0.90539	1.45362	1.42794
2022	7	13	0.98363	0.53567	1.51929	1.59584
2022	7	14	1.57761	0.1941	1.77171	1.15803
2022	7	15	1.29297	0.28118	1.57415	0.78911
2022	7	16	0.87656	0.52195	1.39851	1.28798
2022	7	17	0.89983	0.43903	1.33885	1.33103
2022	7	20	1.77249	0.28913	2.06162	0.94644
2022	7	21	1.9518	0.28688	2.23868	1.08174
2022	7	22	1.66867	0.43636	2.10503	0.53835
2022	7	23	1.84584	0.42795	2.27378	1.22622
2022	7	24	2.92453	0.15198	3.07651	2.36211
2022	7	25	1.6699	0.31689	1.98678	1.61238
2022	7	26	1.42202	0.35862	1.78064	1.55951
2022	7	27	1.96192	0.15142	2.11334	2.0188
2022	7	28	1.5046	0.35747	1.86206	1.01147
2022	7	29	1.42698	0.52861	1.95559	0.728
2022	7	30	2.62154	0.13333	2.75488	1.34385
2022	7	31	1.79752	0.0298	1.82732	2.33385
2022	8	1	1.8499	0.08977	1.93967	2.05511
2022	8	2	1.57195	0.16652	1.73847	1.69173
2022	8	3	1.4478	0.16496	1.61276	1.28381
2022	8	5	1.27542	0.24868	1.5241	0.83427
2022	8	6	1.21552	0.22	1.43551	0.64591
2022	8	7	1.28788	0.1423	1.43018	0.94082
2022	8	9	1.12028	0.24871	1.36899	0.83826
2022	8	10	0.98234	0.10442	1.08676	0.80011
2022	8	11	1.1908	0.13924	1.33004	1.02054
2022	8	13	1.46635	0.0747	1.54104	0.61379
2022	8	14	1.70784	0.16954	1.87738	1.04642
2022	8	15	1.90755	0.23043	2.13798	0.87623
2022	8	16	1.80865	0.45124	2.2599	1.16054
2022	8	17	1.19814	1.29566	2.49379	1.24859
2022	8	18	1.19543	1.88583	3.08126	0.84479
2022	8	19	1.88152	1.83298	3.7145	0.67561
2022	8	20	4.34779	0.60827	4.95606	1.51647
2022	8	21	5.51303	0.13806	5.65109	2.12852
2022	9	4	4.09307	0.08413	4.1772	1.50005
2022	9	5	4.46402	0.10328	4.5673	2.10772
2022	9	7	4.89738	0	4.89738	2.75274
2022	9	8	4.07376	0.06757	4.14133	2.38137
2022	9	22	2.04009	0.04513	2.08522	3.81765
2022	9	27	1.76654	0.25679	2.02332	1.24378
2022	9	28	2.42021	0.13942	2.55963	4.14889
2022	10	1	1.62102	0.43823	2.05925	2.15935
2022	10	2	2.09517	0.0527	2.14787	3.0555
2022	10	3	1.7969	0.13322	1.93012	3.18199
2022	10	4	1.43367	0.23414	1.66781	2.72709
2022	10	5	2.28965	0.09529	2.38494	2.61203
2022	10	8	2.14251	0.11777	2.26028	1.83522
2022	10	9	1.88945	0.10905	1.99849	1.69584
2022	10	11	1.85062	0.2062	2.05681	1.13684
2022	10	15	1.8376	0.15881	1.99641	0.86448
2022	10	19	1.36933	0.15404	1.52337	0.95938
2022	10	20	1.09077	0.18997	1.28074	0.711
2022	10	21	1.71436	0.22502	1.93939	0.65508
2022	10	23	2.10263	0.34696	2.44958	0.30872
2022	12	25	-0.68069	1.2639	0.58322	0.20469
2023	4	23	-9999	-9999	5.6723	-9999
2023	4	24	-7.46351	12.93679	5.47323	4.46107
2023	4	25	-7.47766	11.78402	4.30637	5.2836
2023	4	26	-8.5017	12.15102	3.64933	6.1089
2023	4	27	-11.37318	15.18151	3.80839	7.75467
2023	4	28	-11.98249	16.57867	4.59615	6.4196
2023	4	29	-11.69675	17.17718	5.48046	7.18064
2023	5	1	-13.57954	19.09814	5.51862	9.24045
2023	5	2	-11.42607	17.24412	5.81802	7.66037
2023	5	4	-11.38184	16.43784	5.05598	6.58172
2023	5	6	-8.44555	13.63175	5.18623	5.6993
2023	5	10	-11.32639	15.32049	3.99403	6.78007
2023	5	18	-3.47258	6.82907	3.35655	0.25814
2023	5	20	-11.14763	17.00191	5.85428	11.62805
2023	5	21	-10.43946	16.93041	6.49094	12.17869
2023	5	22	-11.75137	17.63839	5.88708	11.20583
2023	5	23	-10.31502	16.26847	5.95347	11.37583
2023	5	25	-8.99111	14.35223	5.36111	9.73284
2023	5	26	-8.98042	14.42125	5.44088	10.64365
2023	5	27	-8.75973	13.94918	5.18946	9.87098
2023	5	29	-9.35254	14.06942	4.71693	6.98896
2023	5	30	-10.16292	14.952	4.78908	8.50925
2023	5	31	-9.16485	14.30394	5.13909	11.05381
2023	6	1	-10.88575	16.00916	5.12343	11.85622
2023	6	2	-8.16577	13.38671	5.22092	11.88354
2023	6	3	-11.0721	15.65078	4.57871	10.3395
2023	6	4	-7.00525	11.72422	4.71898	6.88084
2023	6	5	-6.87577	13.10813	6.23236	7.94557
2023	6	6	-1.77725	8.05366	6.27637	2.94552
2023	6	8	-3.59146	10.17782	6.58631	5.94129
2023	6	11	-3.47024	9.82642	6.35616	7.12261
2023	6	12	-5.90485	11.53944	5.63457	12.28296
2023	6	14	-4.3326	9.11364	4.78105	7.39614
2023	6	15	-5.83938	10.28051	4.44109	10.33896
2023	6	16	-4.40877	9.01769	4.60893	10.03901
2023	6	18	-3.82897	8.01946	4.19054	11.90958
2023	6	19	-3.18788	7.93466	4.74678	11.53625
2023	6	20	-0.93631	6.15072	5.21441	10.82759
2023	6	21	0.63703	5.23727	5.87428	9.39472
2023	6	22	3.55173	3.27732	6.82905	9.63053
2023	6	23	3.23271	3.03479	6.26751	8.7451
2023	6	24	2.21838	3.2189	5.43728	6.66481
2023	6	25	2.77796	3.11558	5.89354	4.90968
2023	6	26	2.24526	0.92686	3.17212	3.33661
2023	6	27	2.5915	0.52589	3.11739	2.08518
2023	7	3	2.38704	0.81028	3.19731	2.10534
2023	7	4	5.16056	0.13789	5.29846	1.83182
2023	7	5	4.22864	0.3475	4.57613	2.42633
2023	7	6	1.82988	1.42244	3.25232	2.76129
2023	7	7	2.6587	0.68223	3.34093	2.09525
2023	7	8	2.61549	0.72005	3.33554	2.1404
2023	7	9	2.30634	1.13313	3.43946	2.09234
2023	7	10	2.1089	1.44859	3.55749	2.08375
2023	7	11	0.94302	2.33118	3.2742	2.61321
2023	7	12	2.51074	0.94187	3.45261	1.24201
2023	7	13	2.67676	0.5767	3.25346	2.83327
2023	7	14	3.15492	0.35606	3.51098	2.77802
2023	7	15	3.32373	0.45747	3.78121	2.13759
2023	7	16	2.62462	0.81739	3.44202	1.80834
2023	7	17	2.63306	1.13202	3.76508	1.87791
2023	7	18	1.43088	2.06124	3.49211	2.66072
2023	7	19	2.29433	1.41393	3.70826	1.78687
2023	7	20	0.75287	2.74411	3.49699	2.99817
2023	7	21	3.05964	0.84477	3.90442	1.53946
2023	7	22	2.99039	1.00401	3.99439	3.651
2023	7	23	3.83086	0.75164	4.5825	2.60244
2023	7	24	3.97264	0.66445	4.6371	2.86476
2023	7	25	4.24023	0.5424	4.78262	2.58687
2023	7	26	2.7074	0.7564	3.4638	3.63981
2023	7	27	1.78743	1.14344	2.93087	3.18066
2023	7	29	3.37102	0.76148	4.1325	3.31362
2023	7	30	4.01101	0.10713	4.11815	2.5739
2023	8	1	3.80984	0.18074	3.99058	2.048
2023	8	2	3.71095	0.36213	4.07308	4.86517
2023	8	3	2.7891	0.59922	3.38832	3.02715
2023	8	4	3.01226	0.65605	3.66832	4.75884
2023	8	5	3.69554	0.14958	3.84512	3.32121
2023	8	9	2.73016	0.64727	3.37743	2.55306
2023	8	10	2.83426	0.57438	3.40864	4.40761
2023	8	11	2.67738	0.93872	3.6161	4.25496
2023	8	12	3.27456	0.75505	4.02962	4.34437
2023	8	13	3.00928	1.19085	4.20013	4.3399
2023	8	14	2.84914	1.40218	4.25132	4.53007
2023	8	15	3.23585	1.32781	4.56365	4.65379
2023	8	16	3.27283	1.34238	4.61521	3.3758
2023	8	17	3.38042	0.91233	4.29275	4.13124
2023	8	18	2.62087	1.74883	4.3697	3.58505
2023	8	19	2.21184	1.7634	3.97524	2.55675
2023	8	20	1.98416	2.12087	4.10503	5.79807
2023	8	21	1.20539	2.85507	4.06045	6.19815
2023	8	22	1.07826	3.13307	4.21134	6.44729
2023	8	23	-0.02524	3.98582	3.9606	6.28596
2023	8	24	-0.31161	4.2413	3.92971	6.3173
2023	8	25	-0.02856	3.9636	3.93505	5.78599
2023	8	26	0.96176	3.37744	4.33921	6.2482
2023	8	27	-0.31781	5.07031	4.75249	6.84591
2023	8	28	-1.59646	6.0735	4.47707	6.65078
2023	8	29	1.37261	2.77502	4.14764	2.94194
2023	9	1	-1.37999	4.85491	3.47494	6.21417
2023	9	3	-1.22639	4.5379	3.3115	3.73567
2023	9	4	-1.84164	4.79826	2.95662	5.63996
2023	9	5	-1.51525	4.35706	2.84181	5.27624
2023	9	6	-2.02865	4.75066	2.72199	4.60232
2023	9	7	-1.64678	4.24672	2.59992	4.54508
2023	9	8	-1.7763	4.24967	2.47337	3.62392
2023	9	9	-0.08997	2.53898	2.44901	3.24944
2023	9	10	1.37278	0.99533	2.36811	2.53386
2023	9	13	2.06153	0.53672	2.59825	1.23236
2023	9	14	1.6431	0.3739	2.017	0.78394
2023	9	15	1.96015	0.20703	2.16718	1.02938
2023	9	16	1.89502	0.1284	2.02342	0.67449
2023	9	17	2.06734	0.13419	2.20153	0.94684
2023	9	18	1.77095	0.18477	1.95572	0.67296
2023	9	19	2.57281	0.16515	2.73796	0.76276
2023	9	21	1.82741	0.21401	2.04141	0.82296
2023	9	22	2.10867	0.5398	2.64847	1.28517
2023	9	23	2.35852	0.56888	2.9274	0.65081
2023	9	25	3.4114	0.52956	3.94095	1.4107
2023	9	27	3.24341	0.67409	3.9175	1.63615
2023	9	28	2.7853	0.60893	3.39423	1.53029
2024	5	8	1.30062	0.72187	2.0225	1.24507
2024	5	9	0.9807	0.99455	1.97525	1.55136
2024	5	10	1.41144	0.57078	1.98222	1.57472
2024	5	11	1.09084	0.84655	1.93739	1.62374
2024	5	12	1.28065	0.55143	1.83208	1.28435
2024	5	13	1.31542	0.30419	1.6196	1.4488
2024	5	14	1.2582	0.45682	1.71502	1.54429
2024	5	15	1.17954	0.38282	1.56235	1.30707
2024	5	16	1.12499	0.45535	1.58035	1.28347
2024	5	17	1.3818	0.24924	1.63104	0.82066
2024	5	18	1.55148	0.30552	1.857	1.57593
2024	5	19	2.49247	0.43236	2.92482	5.85264
2024	5	20	2.59175	0.61081	3.20256	6.0352
2024	5	22	0.17511	2.30293	2.47804	5.19412
2024	5	23	-0.89907	3.72432	2.82525	7.24152
2024	5	24	1.40011	1.30018	2.7003	3.90094
2024	5	25	1.32431	1.39229	2.7166	5.53319
2024	5	26	0.33928	2.5235	2.86279	5.3384
2024	5	27	1.7479	1.39617	3.14407	6.40386
2024	5	28	1.34496	1.58458	2.92954	7.33815
2024	5	29	-1.01257	3.88692	2.87435	5.36106
2024	5	30	0.31033	2.80618	3.11652	4.97306
2024	5	31	-0.11564	2.99041	2.87477	2.95733
2024	6	1	-0.14793	2.66701	2.51908	4.05486
2024	6	2	-0.8444	3.35804	2.51364	6.26174
2024	6	3	-0.22568	3.16364	2.93797	2.61475
2024	6	6	-1.91717	5.89217	3.975	7.59975
2024	6	7	-2.17344	6.59173	4.41829	6.56293
2024	6	8	-2.67325	7.82849	5.15525	6.50605
2024	6	9	-6.31982	11.73373	5.4139	7.74518
2024	6	12	-3.02074	7.41847	4.39773	3.72231
2024	6	13	-6.16657	10.1639	3.99734	5.77881
2024	6	14	-6.98564	11.09197	4.10634	6.8741
2024	6	15	-7.0284	11.61153	4.58313	7.54667
2024	6	16	-6.41326	10.92358	4.51032	4.80425
2024	6	17	-7.08872	12.25329	5.16456	6.7108
2024	6	18	-10.76179	16.41268	5.65089	9.07306
2024	6	19	-11.63873	17.58273	5.944	9.06893
2024	6	20	-8.4436	14.61033	6.16673	6.70568
2024	6	21	-11.58856	18.28826	6.69971	9.05757
2024	6	22	-5.51857	11.8964	6.37783	5.39481
2024	6	23	-6.23884	12.74425	6.50542	5.27376
2024	6	24	-12.016	18.71215	6.69615	9.33051
2024	6	25	-10.33782	17.35108	7.01324	7.96679
2024	6	26	-9.17985	16.82769	7.64783	6.165
2024	6	27	-7.19914	14.85208	7.65294	4.92133
2024	6	28	-8.2463	16.86533	8.61904	7.05151
2024	6	29	-10.53717	20.19348	9.65631	10.57192
2024	6	30	-8.28773	18.52907	10.24134	9.35729
2024	7	1	-7.63495	17.46167	9.82671	8.44598
2024	7	2	-5.3446	14.54262	9.19802	7.23568
2024	7	3	-7.71838	16.2955	8.57713	7.4917
2024	7	4	-9.28889	17.75464	8.46575	8.0002
2024	7	5	-8.84563	17.7881	8.94247	9.41219
2024	7	6	-6.88965	16.1216	9.23195	9.31856
2024	7	7	-7.67618	17.1881	9.51191	8.48819
2024	7	8	-8.131	17.57921	9.44821	10.07171
2024	7	9	-7.17193	16.57013	9.3982	9.85152
2024	7	10	-4.66004	14.4922	9.83217	9.43238
2024	7	11	-3.07571	13.06606	9.99036	9.77778
2024	7	12	-2.85796	12.7526	9.89463	9.61329
2024	7	13	-3.5339	13.083	9.5491	8.53576
2024	7	14	-2.153	12.54123	10.38823	8.98059
2024	7	15	-1.32408	11.47027	10.14619	8.43991
2024	7	16	-2.153	12.07381	9.9208	8.03668
2024	7	17	-0.51831	10.51621	9.99789	9.17946
2024	7	18	-2.7811	11.58946	8.80836	7.73856
2024	7	19	-1.67519	10.50762	8.83244	7.34597
2024	7	20	-1.13032	9.17078	8.04045	4.00101
2024	7	21	-2.29926	10.57544	8.27618	5.15174
2024	7	22	-0.76005	9.41052	8.65047	6.98137
2024	7	23	-2.24639	10.47391	8.22753	6.01835
2024	7	24	-1.7204	9.53138	7.81098	6.42444
2024	7	25	-2.49667	9.75047	7.2538	5.79384
2024	7	26	-1.92423	9.0709	7.14667	5.42622
2024	7	27	0.75415	6.88135	7.63549	5.54516
2024	7	28	1.16394	6.2613	7.42524	5.17025
2024	7	29	-0.8468	7.3082	6.46141	5.19746
2024	7	30	-0.50354	6.92187	6.41833	4.73937
2024	7	31	0.31065	6.36379	6.67444	4.6231
2024	8	1	0.20691	6.44196	6.64888	3.99488
2024	8	2	1.46566	5.10283	6.5685	2.58735
2024	8	3	-0.49735	6.17519	5.67784	4.37713
2024	8	4	-0.21616	5.69976	5.48361	4.10522
2024	8	5	-0.22209	5.58135	5.35927	3.20492
2024	8	6	-0.91066	6.03932	5.12866	3.88442
2024	8	7	0.04657	5.28324	5.32981	3.88229
2024	8	8	2.31605	3.05786	5.37392	2.20349
2024	8	9	0.9494	4.08197	5.03137	4.90439
2024	8	10	1.57719	3.41356	4.99075	4.63839
2024	8	11	2.32541	2.91695	5.24236	4.71592
2024	8	12	1.72641	3.1087	4.83511	3.40493
2024	8	13	4.55031	5.77366	10.32396	7.4911
2024	8	14	3.81786	6.33584	10.1537	7.21969
2024	8	15	9.9011	1.47022	11.37133	10.36637
2024	8	16	7.21699	3.33697	10.55396	9.30023
2024	8	17	7.05922	3.01557	10.07478	5.16856
2024	8	18	7.44346	2.70818	10.15164	9.08159
2024	8	19	9.48809	1.53466	11.02275	8.26059
2024	8	20	8.17059	2.93323	11.10381	7.32988
2024	8	21	4.25346	1.03344	5.2869	4.22368
2024	8	22	2.58878	1.62519	4.21397	2.6475
2024	8	23	2.49524	1.70388	4.19911	2.76061
2024	8	24	2.63506	1.43149	4.06655	3.16755
2024	8	25	2.72017	1.17417	3.89434	2.51693
2024	8	26	2.17858	1.10345	3.28203	2.3014
2024	8	27	2.04412	0.91947	2.96359	2.1642
2024	8	28	2.0829	0.74308	2.82598	2.10728
2024	8	29	1.54425	0.86575	2.41001	2.22908
2024	8	30	1.71458	0.61406	2.32864	2.18537
2024	8	31	1.57984	0.62496	2.2048	1.89152
2024	9	1	1.42921	0.51936	1.94857	1.78755
2024	9	3	1.46109	0.29842	1.75951	1.69899
2024	9	4	1.54341	0.22303	1.76644	1.73311
2024	9	5	1.18765	0.37391	1.56156	1.28158
2024	9	6	1.21548	0.32911	1.54459	0.86693
2024	9	7	1.43967	0.39986	1.83953	1.13711
2024	9	8	1.76032	0.28826	2.04858	1.2772
2024	9	20	2.01295	0.10514	2.11808	2.63454
2024	9	21	2.03932	0.15707	2.19639	2.91516
2024	9	24	2.01738	0.34493	2.3623	1.69449
2024	10	1	1.98203	0.07638	2.05841	1.7967
2024	10	10	2.23541	0.29394	2.52935	1.75256
